structure:,,1,2,3,4,5,6,7,8,9,10,11,12,13,14,15,16,17,18,19,20,21,22,23
1,PDB 1bun:B,,0.340,0.360,0.300,0.360,0.260,0.260,0.320,0.400,0.340,0.260,0.280,0.300,0.380,0.320,0.220,0.240,0.360,0.260,0.320,0.280,0.320,0.320
2,PDB 1dtx:A,0.340,,0.380,0.320,0.420,0.340,0.280,0.340,0.480,0.380,0.220,0.380,0.480,0.280,0.340,0.380,0.200,0.540,0.340,0.440,0.380,0.440,0.420
3,PDB 1f5r:I,0.360,0.380,,0.840,0.320,0.340,0.880,0.420,0.440,0.340,0.760,0.380,0.400,0.320,0.380,0.420,0.660,0.420,0.460,0.260,0.380,0.360,0.380
4,PDB 1fak:I,0.300,0.320,0.840,,0.320,0.340,0.720,0.460,0.380,0.360,0.640,0.420,0.420,0.300,0.380,0.400,0.580,0.400,0.420,0.260,0.420,0.340,0.360
5,PDB 1knt:A,0.360,0.420,0.320,0.320,,0.400,0.240,0.460,0.460,0.400,0.240,0.380,0.440,0.280,0.480,0.380,0.220,0.400,0.420,0.380,0.380,0.400,0.380
6,PDB 1yc0:I,0.260,0.340,0.340,0.340,0.400,,0.260,0.440,0.440,0.460,0.260,0.320,0.400,0.220,0.340,0.580,0.260,0.380,0.440,0.300,0.320,0.300,0.320
7,PDB 1yld:B,0.260,0.280,0.880,0.720,0.240,0.260,,0.340,0.360,0.260,0.680,0.300,0.320,0.240,0.300,0.360,0.600,0.320,0.380,0.160,0.300,0.280,0.300
8,PDB 1zr0:B,0.320,0.340,0.420,0.460,0.460,0.440,0.340,,0.500,0.420,0.340,0.420,0.460,0.300,0.400,0.420,0.340,0.480,0.440,0.340,0.420,0.360,0.360
9,PDB 3byb:A,0.400,0.480,0.440,0.380,0.460,0.440,0.360,0.500,,0.460,0.300,0.480,0.460,0.320,0.380,0.420,0.260,0.540,0.460,0.460,0.460,0.460,0.460
10,PDB 3m7q:B,0.340,0.380,0.340,0.360,0.400,0.460,0.260,0.420,0.460,,0.280,0.420,0.460,0.280,0.420,0.420,0.260,0.480,0.560,0.460,0.400,0.340,0.360
11,PDB 3wny:A,0.260,0.220,0.760,0.640,0.240,0.260,0.680,0.340,0.300,0.280,,0.280,0.300,0.280,0.300,0.340,0.900,0.280,0.340,0.180,0.280,0.300,0.300
12,PDB 4bqd:A,0.280,0.380,0.380,0.420,0.380,0.320,0.300,0.420,0.480,0.420,0.280,,0.520,0.300,0.400,0.400,0.280,0.420,0.400,0.340,0.960,0.340,0.320
13,PDB 4dtg:K,0.300,0.480,0.400,0.420,0.440,0.400,0.320,0.460,0.460,0.460,0.300,0.520,,0.280,0.340,0.400,0.300,0.420,0.380,0.300,0.520,0.400,0.380
14,PDB 4ntw:B,0.380,0.280,0.320,0.300,0.280,0.220,0.240,0.300,0.320,0.280,0.280,0.300,0.280,,0.300,0.260,0.280,0.320,0.340,0.280,0.300,0.320,0.320
15,PDB 4u30:X,0.320,0.340,0.380,0.380,0.480,0.340,0.300,0.400,0.380,0.420,0.300,0.400,0.340,0.300,,0.380,0.280,0.420,0.460,0.340,0.400,0.260,0.300
16,PDB 4u32:X,0.220,0.380,0.420,0.400,0.380,0.580,0.360,0.420,0.420,0.420,0.340,0.400,0.400,0.260,0.380,,0.340,0.340,0.440,0.320,0.400,0.280,0.300
17,PDB 5jb7:A,0.240,0.200,0.660,0.580,0.220,0.260,0.600,0.340,0.260,0.260,0.900,0.280,0.300,0.280,0.280,0.340,,0.240,0.340,0.160,0.280,0.300,0.280
18,PDB 5m4v:A,0.360,0.540,0.420,0.400,0.400,0.380,0.320,0.480,0.540,0.480,0.280,0.420,0.420,0.320,0.420,0.340,0.240,,0.420,0.460,0.420,0.360,0.420
19,PDB 5nx1:C,0.260,0.340,0.460,0.420,0.420,0.440,0.380,0.440,0.460,0.560,0.340,0.400,0.380,0.340,0.460,0.440,0.340,0.420,,0.420,0.400,0.320,0.320
20,PDB 5yv7:A,0.320,0.440,0.260,0.260,0.380,0.300,0.160,0.340,0.460,0.460,0.180,0.340,0.300,0.280,0.340,0.320,0.160,0.460,0.420,,0.340,0.340,0.360
21,PDB 6bx8:B,0.280,0.380,0.380,0.420,0.380,0.320,0.300,0.420,0.460,0.400,0.280,0.960,0.520,0.300,0.400,0.400,0.280,0.420,0.400,0.340,,0.340,0.320
22,PDB 6q61:A,0.320,0.440,0.360,0.340,0.400,0.300,0.280,0.360,0.460,0.340,0.300,0.340,0.400,0.320,0.260,0.280,0.300,0.360,0.320,0.340,0.340,,0.860
23,PDB 6yhy:A,0.320,0.420,0.380,0.360,0.380,0.320,0.300,0.360,0.460,0.360,0.300,0.320,0.380,0.320,0.300,0.300,0.280,0.420,0.320,0.360,0.320,0.860,