structure:,,1,2,3,4,5,6,7,8,9,10,11,12,13,14,15,16,17,18,19,20,21,22,23,24,25
1,PDB 1bun:B,,0.199,0.207,0.216,0.214,0.182,0.210,0.187,0.093,0.204,0.191,0.211,0.152,0.197,0.209,0.216,0.221,0.213,0.161,0.209,0.219,0.198,0.215,0.199,0.198
2,PDB 1dtx:A,0.199,,0.209,0.224,0.232,0.192,0.214,0.202,0.101,0.222,0.208,0.214,0.163,0.214,0.202,0.234,0.237,0.216,0.172,0.225,0.235,0.216,0.235,0.218,0.217
3,PDB 1f5r:I,0.207,0.209,,0.246,0.223,0.199,0.244,0.207,0.103,0.218,0.210,0.237,0.168,0.213,0.203,0.237,0.243,0.239,0.170,0.221,0.242,0.206,0.235,0.218,0.217
4,PDB 1fak:I,0.216,0.224,0.246,,0.240,0.210,0.250,0.216,0.108,0.231,0.221,0.247,0.176,0.224,0.215,0.248,0.254,0.249,0.181,0.237,0.254,0.221,0.247,0.226,0.227
5,PDB 1knt:A,0.214,0.232,0.223,0.240,,0.207,0.229,0.208,0.105,0.234,0.216,0.235,0.172,0.226,0.217,0.242,0.252,0.235,0.186,0.243,0.248,0.231,0.243,0.227,0.230
6,PDB 1yc0:I,0.182,0.192,0.199,0.210,0.207,,0.205,0.182,0.091,0.199,0.187,0.205,0.148,0.191,0.182,0.208,0.215,0.205,0.153,0.204,0.213,0.192,0.209,0.193,0.195
7,PDB 1yld:B,0.210,0.214,0.244,0.250,0.229,0.205,,0.211,0.105,0.223,0.214,0.242,0.171,0.217,0.207,0.241,0.247,0.244,0.175,0.226,0.246,0.213,0.239,0.224,0.224
8,PDB 1zr0:B,0.187,0.202,0.207,0.216,0.208,0.182,0.211,,0.097,0.207,0.196,0.207,0.158,0.204,0.188,0.221,0.227,0.210,0.157,0.207,0.228,0.194,0.224,0.205,0.204
9,PDB 2ody:F,0.093,0.101,0.103,0.108,0.105,0.091,0.105,0.097,,0.104,0.098,0.103,0.079,0.101,0.093,0.110,0.113,0.104,0.078,0.104,0.113,0.097,0.111,0.103,0.102
10,PDB 3byb:A,0.204,0.222,0.218,0.231,0.234,0.199,0.223,0.207,0.104,,0.208,0.226,0.170,0.220,0.205,0.232,0.243,0.226,0.174,0.229,0.243,0.217,0.236,0.221,0.224
11,PDB 3m7q:B,0.191,0.208,0.210,0.221,0.216,0.187,0.214,0.196,0.098,0.208,,0.209,0.157,0.204,0.195,0.234,0.228,0.212,0.167,0.217,0.224,0.203,0.226,0.207,0.205
12,PDB 3wny:A,0.211,0.214,0.237,0.247,0.235,0.205,0.242,0.207,0.103,0.226,0.209,,0.170,0.214,0.208,0.232,0.246,0.248,0.179,0.230,0.245,0.216,0.237,0.218,0.222
13,PDB 4bqd:A,0.152,0.163,0.168,0.176,0.172,0.148,0.171,0.158,0.079,0.170,0.157,0.170,,0.164,0.152,0.176,0.184,0.171,0.128,0.169,0.184,0.158,0.179,0.166,0.167
14,PDB 4dtg:K,0.197,0.214,0.213,0.224,0.226,0.191,0.217,0.204,0.101,0.220,0.204,0.214,0.164,,0.199,0.230,0.237,0.217,0.165,0.219,0.237,0.207,0.231,0.217,0.216
15,PDB 4ntw:B,0.209,0.202,0.203,0.215,0.217,0.182,0.207,0.188,0.093,0.205,0.195,0.208,0.152,0.199,,0.217,0.221,0.211,0.169,0.213,0.221,0.200,0.216,0.200,0.198
16,PDB 4u30:X,0.216,0.234,0.237,0.248,0.242,0.208,0.241,0.221,0.110,0.232,0.234,0.232,0.176,0.230,0.217,,0.258,0.238,0.186,0.239,0.253,0.226,0.256,0.234,0.231
17,PDB 4u32:X,0.221,0.237,0.243,0.254,0.252,0.215,0.247,0.227,0.113,0.243,0.228,0.246,0.184,0.237,0.221,0.258,,0.249,0.186,0.246,0.266,0.231,0.261,0.240,0.241
18,PDB 5jb7:A,0.213,0.216,0.239,0.249,0.235,0.205,0.244,0.210,0.104,0.226,0.212,0.248,0.171,0.217,0.211,0.238,0.249,,0.178,0.229,0.247,0.216,0.240,0.220,0.222
19,PDB 5jbt:Y,0.161,0.172,0.170,0.181,0.186,0.153,0.175,0.157,0.078,0.174,0.167,0.179,0.128,0.165,0.169,0.186,0.186,0.178,,0.183,0.184,0.170,0.182,0.170,0.173
20,PDB 5m4v:A,0.209,0.225,0.221,0.237,0.243,0.204,0.226,0.207,0.104,0.229,0.217,0.230,0.169,0.219,0.213,0.239,0.246,0.229,0.183,,0.243,0.223,0.240,0.221,0.222
21,PDB 5nx1:C,0.219,0.235,0.242,0.254,0.248,0.213,0.246,0.228,0.113,0.243,0.224,0.245,0.184,0.237,0.221,0.253,0.266,0.247,0.184,0.243,,0.227,0.259,0.237,0.238
22,PDB 5yv7:A,0.198,0.216,0.206,0.221,0.231,0.192,0.213,0.194,0.097,0.217,0.203,0.216,0.158,0.207,0.200,0.226,0.231,0.216,0.170,0.223,0.227,,0.227,0.211,0.213
23,PDB 6bx8:B,0.215,0.235,0.235,0.247,0.243,0.209,0.239,0.224,0.111,0.236,0.226,0.237,0.179,0.231,0.216,0.256,0.261,0.240,0.182,0.240,0.259,0.227,,0.234,0.233
24,PDB 6q61:A,0.199,0.218,0.218,0.226,0.227,0.193,0.224,0.205,0.103,0.221,0.207,0.218,0.166,0.217,0.200,0.234,0.240,0.220,0.170,0.221,0.237,0.211,0.234,,0.222
25,PDB 6yhy:A,0.198,0.217,0.217,0.227,0.230,0.195,0.224,0.204,0.102,0.224,0.205,0.222,0.167,0.216,0.198,0.231,0.241,0.222,0.173,0.222,0.238,0.213,0.233,0.222,